北海道大学,hokudai.ac.jp,1
北海道教育大学,hokkyodai.ac.jp,1
室蘭工業大学,muroran-it.ac.jp,1
小樽商科大学,otaru-uc.ac.jp,1
帯広畜産大学,obihiro.ac.jp,1
旭川医科大学,asahikawa-med.ac.jp,1
北見工業大学,kitami-it.ac.jp,1
弘前大学,hirosaki-u.ac.jp,2
岩手大学,iwate-u.ac.jp,2
東北大学,tohoku.ac.jp,2
宮城教育大学,miyakyo-u.ac.jp,2
秋田大学,akita-u.ac.jp,2
山形大学,yamagata-u.ac.jp,2
福島大学,fukushima-u.ac.jp,2
茨城大学,ibaraki.ac.jp,3
筑波大学,tsukuba.ac.jp,3
筑波技術大学,tsukuba-tech.ac.jp,3
宇都宮大学,utsunomiya-u.ac.jp,3
群馬大学,gunma-u.ac.jp,3
埼玉大学,saitama-u.ac.jp,3
千葉大学,chiba-u.ac.jp,3
東京大学,u-tokyo.ac.jp,3
東京医科歯科大学,tmd.ac.jp,3
東京外国語大学,tufs.ac.jp,3
東京学芸大学,u-gakugei.ac.jp,3
東京農工大学,tuat.ac.jp,3
東京芸術大学,geidai.ac.jp,3
東京工業大学,titech.ac.jp,3
東京海洋大学,kaiyodai.ac.jp,3
お茶の水女子大学,ocha.ac.jp,3
電気通信大学,uec.ac.jp,3
一橋大学,hit-u.ac.jp,3
横浜国立大学,ynu.ac.jp,3
新潟大学,niigata-u.ac.jp,4
長岡技術科学大学,nagaokaut.ac.jp,4
上越教育大学,juen.ac.jp,4
山梨大学,yamanashi.ac.jp,4
信州大学,shinshu-u.ac.jp,4
政策研究大学院大学,grips.ac.jp,3
総合研究大学院大学,soken.ac.jp,3
富山大学,u-toyama.ac.jp,4
金沢大学,kanazawa-u.ac.jp,4
福井大学,u-fukui.ac.jp,4
岐阜大学,gifu-u.ac.jp,4
静岡大学,shizuoka.ac.jp,4
浜松医科大学,hama-med.ac.jp,4
名古屋大学,nagoya-u.ac.jp,4
愛知教育大学,aichi-edu.ac.jp,4
名古屋工業大学,nitech.ac.jp,4
豊橋技術科学大学,tut.ac.jp,4
三重大学,mie-u.ac.jp,5
滋賀大学,shiga-u.ac.jp,5
滋賀医科大学,shiga-med.ac.jp,5
京都大学,kyoto-u.ac.jp,5
京都教育大学,kyokyo-u.ac.jp,5
京都工芸繊維大学,kit.ac.jp,5
大阪大学,osaka-u.ac.jp,5
大阪教育大学,osaka-kyoiku.ac.jp,5
兵庫教育大学,hyogo-u.ac.jp,5
神戸大学,kobe-u.ac.jp,5
奈良教育大学,nara-edu.ac.jp,5
奈良女子大学,nara-wu.ac.jp,5
和歌山大学,wakayama-u.ac.jp,5
北陸先端科学技術大学院大学,jaist.ac.jp,4
奈良先端科学技術大学院大学,naist.jp,5
鳥取大学,tottori-u.ac.jp,6
島根大学,shimane-u.ac.jp,6
岡山大学,okayama-u.ac.jp,6
広島大学,hiroshima-u.ac.jp,6
山口大学,yamaguchi-u.ac.jp,6
徳島大学,tokushima-u.ac.jp,7
鳴門教育大学,naruto-u.ac.jp,7
香川大学,kagawa-u.ac.jp,7
愛媛大学,ehime-u.ac.jp,7
高知大学,kochi-u.ac.jp,7
福岡教育大学,fukuoka-edu.ac.jp,8
九州大学,kyushu-u.ac.jp,8
九州工業大学,kyutech.ac.jp,8
佐賀大学,saga-u.ac.jp,8
長崎大学,nagasaki-u.ac.jp,8
熊本大学,kumamoto-u.ac.jp,8
大分大学,oita-u.ac.jp,8
宮崎大学,miyazaki-u.ac.jp,8
鹿児島大学,kagoshima-u.ac.jp,8
鹿屋体育大学,nifs-k.ac.jp,8
琉球大学,u-ryukyu.ac.jp,8
釧路公立大学,kushiro-pu.ac.jp,1
公立はこだて未来大学,fun.ac.jp,1
札幌市立大学,scu.ac.jp,1
名寄市立大学,nayoro.ac.jp,1
札幌医科大学,web.sapmed.ac.jp,1
青森県立保健大学,auhw.ac.jp,2
青森公立大学,nebuta.ac.jp,2
岩手県立大学,iwate-pu.ac.jp,2
宮城大学,myu.ac.jp,2
秋田県立大学,akita-pu.ac.jp,2
国際教養大学,aiu.ac.jp,2
秋田公立美術大学,akibi.ac.jp,2
山形県立保健医療大学,yachts.ac.jp,2
山形県立米沢栄養大学,u.yone.ac.jp,2
会津大学,u-aizu.ac.jp,2
福島県立医科大学,fmu.ac.jp,2
茨城県立医療大学,ipu.ac.jp,3
群馬県立県民健康科学大学,gchs.ac.jp,3
群馬県立女子大学,gpwu.ac.jp,3
高崎経済大学,tcue.ac.jp,3
前橋工科大学,maebashi-it.ac.jp,3
千葉県立保健医療大学,pref.chiba.lg.jp,3
埼玉県立大学,spu.ac.jp,3
首都大学東京,tmu.ac.jp,3
産業技術大学院大学,aiit.ac.jp,3
神奈川県立保健福祉大学,kuhs.ac.jp,3
横浜市立大学,yokohama-cu.ac.jp,3
新潟県立看護大学,niigata-cn.ac.jp,4
新潟県立大学,unii.ac.jp,4
長岡造形大学,nagaoka-id.ac.jp,4
都留文科大学,tsuru.ac.jp,4
山梨県立大学,yamanashi-ken.ac.jp,4
長野県看護大学,nagano-nurs.ac.jp,4
富山県立大学,pu-toyama.ac.jp,4
石川県立大学,ishikawa-pu.ac.jp,4
石川県立看護大学,ishikawa-nu.ac.jp,4
金沢美術工芸大学,kanazawa-bidai.ac.jp,4
福井県立大学,fpu.ac.jp,4
敦賀市立看護大学,tsuruga-nu.ac.jp,4
岐阜県立看護大学,gifu-cn.ac.jp,4
岐阜薬科大学,gifu-pu.ac.jp,4
情報科学芸術大学院大学,iamas.ac.jp,4
静岡県立大学,u-shizuoka-ken.ac.jp,4
静岡文化芸術大学,suac.ac.jp,4
愛知県立大学,aichi-pu.ac.jp,4
愛知県立芸術大学,aichi-fam-u.ac.jp,4
名古屋市立大学,nagoya-cu.ac.jp,4
三重県立看護大学,mcn.ac.jp,5
滋賀県立大学,usp.ac.jp,5
京都市立芸術大学,kcua.ac.jp,5
京都府立大学,kpu.ac.jp,5
京都府立医科大学,kpu-m.ac.jp,5
福知山公立大学,fukuchiyama.ac.jp,5
大阪府立大学,osakafu-u.ac.jp,5
大阪市立大学,osaka-cu.ac.jp,5
神戸市看護大学,kobe-ccn.ac.jp,5
神戸市外国語大学,kobe-cufs.ac.jp,5
兵庫県立大学,u-hyogo.ac.jp,5
奈良県立医科大学,naramed-u.ac.jp,5
奈良県立大学,narapu.ac.jp,5
和歌山県立医科大学,wakayama-med.ac.jp,5
公立鳥取環境大学,kankyo-u.ac.jp,6
島根県立大学,u-shimane.ac.jp,6
岡山県立大学,oka-pu.ac.jp,6
新見公立大学,niimi-c.ac.jp,6
尾道市立大学,onomichi-u.ac.jp,6
県立広島大学,pu-hiroshima.ac.jp,6
広島市立大学,hiroshima-cu.ac.jp,6
福山市立大学,fcu.ac.jp,6
下関市立大学,shimonoseki-cu.ac.jp,6
山口県立大学,yamaguchi-pu.ac.jp,6
山陽小野田市立山口東京理科大学,tusy.ac.jp,6
香川県立保健医療大学,kagawa-puhs.ac.jp,7
愛媛県立医療技術大学,epu.ac.jp,7
高知県立大学,u-kochi.ac.jp,7
高知工科大学,kochi-tech.ac.jp,7
北九州市立大学,kitakyu-u.ac.jp,8
九州歯科大学,kyu-dent.ac.jp,8
福岡県立大学,fukuoka-pu.ac.jp,8
福岡女子大学,fwu.ac.jp,8
長崎県立大学,sun.ac.jp,8
熊本県立大学,pu-kumamoto.ac.jp,8
大分県立看護科学大学,oita-nhs.ac.jp,8
宮崎公立大学,miyazaki-mu.ac.jp,8
宮崎県立看護大学,mpu.ac.jp,8
沖縄県立芸術大学,okigei.ac.jp,8
沖縄県立看護大学,okinawa-nurs.ac.jp,8
名桜大学,meio-u.ac.jp,8
旭川大学,asahikawa-u.ac.jp,1
札幌大学,sapporo-u.ac.jp,1
札幌大谷大学,sapporo-otani.ac.jp,1
札幌学院大学,sgu.ac.jp,1
札幌国際大学,siu.ac.jp,1
札幌保健医療大学,sapporo-hokeniryou-u.ac.jp,1
千歳科学技術大学,chitose.ac.jp,1
天使大学,tenshi.ac.jp,1
道都大学,dohto.ac.jp,1
苫小牧駒澤大学,t-komazawa.ac.jp,1
日本医療大学,nihoniryo-c.ac.jp,1
日本赤十字北海道看護大学,rchokkaido-cn.ac.jp,1
函館大学,hakodate-u.ac.jp,1
藤女子大学,fujijoshi.ac.jp,1
北翔大学,hokusho-u.ac.jp,1
北星学園大学,hokusei.ac.jp,1
北海学園大学,hgu.jp,1
北海商科大学,hokkai.ac.jp,1
北海道医療大学,hoku-iryo-u.ac.jp,1
北海道科学大学,hit.ac.jp,1
北海道情報大学,do-johodai.ac.jp,1
北海道文教大学,do-bunkyodai.ac.jp,1
北海道薬科大学,hokuyakudai.ac.jp,1
酪農学園大学,rakuno.ac.jp,1
稚内北星学園大学,wakhok.ac.jp,1
青森大学,aomori-u.ac.jp,2
青森中央学院大学,aomoricgu.ac.jp,2
東北女子大学,tojo.ac.jp,2
八戸学院大学,hachinohe-u.ac.jp,2
八戸工業大学,hi-tech.ac.jp,2
弘前医療福祉大学,hirosakiuhw.jp,2
弘前学院大学,hirogaku-u.ac.jp,2
岩手医科大学,iwate-med.ac.jp,2
富士大学,fujidai.net,2
盛岡大学,morioka-u.ac.jp,2
石巻専修大学,senshu-u.ac.jp,2
尚絅学院大学,shokei.jp,2
仙台大学,sendaidaigaku.jp,2
仙台白百合女子大学,sendai-shirayuri.ac.jp,2
東北学院大学,tohoku-gakuin.ac.jp,2
東北工業大学,tohtech.ac.jp,2
東北生活文化大学,mishima.ac.jp,2
東北福祉大学,tfu.ac.jp,2
東北文化学園大学,tbgu.ac.jp,2
東北医科薬科大学,tohoku-pharm.ac.jp,2
宮城学院女子大学,mgu.ac.jp,2
秋田看護福祉大学,well.ac.jp,2
日本赤十字秋田看護大学,rcakita.ac.jp,2
ノースアジア大学,nau.ac.jp,2
東北芸術工科大学,tuad.ac.jp,2
東北公益文科大学,koeki-u.ac.jp,2
東北文教大学,t-bunkyo.jp,2
いわき明星大学,iwakimu.ac.jp,2
奥羽大学,ohu-u.ac.jp,2
郡山女子大学,koriyama-kgc.ac.jp,2
東日本国際大学,shk.ac.jp,2
福島学院大学,fukushima-college.ac.jp,2
茨城キリスト教大学,icc.ac.jp,3
筑波学院大学,tsukuba-g.ac.jp,3
つくば国際大学,ktt.ac.jp,3
常磐大学,tokiwa.ac.jp,3
日本ウェルネススポーツ大学,nihonwellness.jp,3
流通経済大学,rku.ac.jp,3
足利工業大学,ashitech.ac.jp,3
宇都宮共和大学,kyowa-u.ac.jp,3
国際医療福祉大学,iuhw.ac.jp,3
作新学院大学,sakushin-u.ac.jp,3
自治医科大学,jichi.ac.jp,3
獨協医科大学,dokkyomed.ac.jp,3
白鴎大学,hakuoh.jp,3
文星芸術大学,bunsei.ac.jp,3
関東学園大学,kanto-gakuen.ac.jp,3
共愛学園前橋国際大学,kyoai.ac.jp,3
桐生大学,kiryu-u.ac.jp,3
群馬医療福祉大学,shoken-gakuen.ac.jp,3
群馬パース大学,paz.ac.jp,3
上武大学,jobu.ac.jp,3
創造学園大学,souzou.ac.jp,3
高崎健康福祉大学,takasaki-u.ac.jp,3
高崎商科大学,tuc.ac.jp,3
東京福祉大学,tokyo-fukushi.ac.jp,3
浦和大学,urawa.ac.jp,3
共栄大学,kyoei.ac.jp,3
埼玉医科大学,saitama-med.ac.jp,3
埼玉学園大学,saigaku.ac.jp,3
埼玉工業大学,sit.ac.jp,3
十文字学園女子大学,jumonji-u.ac.jp,3
城西大学,josai.ac.jp,3
尚美学園大学,shobi-u.ac.jp,3
女子栄養大学,eiyo.ac.jp,3
駿河台大学,surugadai.ac.jp,3
聖学院大学,seigakuin.jp,3
西武文理大学,bunri-c.ac.jp,3
東京国際大学,tiu.ac.jp,3
東都医療大学,tohto.ac.jp,3
東邦音楽大学,toho-music.ac.jp,3
獨協大学,dokkyo.ac.jp,3
日本医療科学大学,nims.ac.jp,3
日本工業大学,nit.ac.jp,3
日本保健医療大学,jhsu.ac.jp,3
日本薬科大学,nihonyakka.jp,3
人間総合科学大学,human.ac.jp,3
文教大学,bunkyo.ac.jp,3
平成国際大学,hiu.ac.jp,3
武蔵野学院大学,musa.ac.jp,3
明海大学,meikai.ac.jp,3
開智国際大学,kaichi.ac.jp,3
ものつくり大学,iot.ac.jp,3
愛国学園大学,aikoku-u.ac.jp,3
植草学園大学,uekusa.ac.jp,3
江戸川大学,edogawa-u.ac.jp,3
亀田医療大学,kameda.ac.jp,3
川村学園女子大学,kgwu.ac.jp,3
神田外語大学,kandagaigo.ac.jp,3
敬愛大学,u-keiai.ac.jp,3
国際武道大学,budo-u.ac.jp,3
三育学院大学,saniku.ac.jp,3
秀明大学,shumei-u.ac.jp,3
淑徳大学,shukutoku.ac.jp,3
城西国際大学,jiu.ac.jp,3
聖徳大学,seitoku.jp,3
清和大学,seiwa-univ.ac.jp,3
千葉科学大学,cis.ac.jp,3
千葉経済大学,cku.ac.jp,3
千葉工業大学,it-chiba.ac.jp,3
千葉商科大学,cuc.ac.jp,3
中央学院大学,cgu.ac.jp,3
東京基督教大学,tci.ac.jp,3
東京情報大学,tuis.ac.jp,3
了徳寺大学,ryotokuji-u.ac.jp,3
麗澤大学,reitaku-u.ac.jp,3
和洋女子大学,wayo.ac.jp,3
麻布大学,azabu-u.ac.jp,3
SBI大学院大学,sbi-u.ac.jp,3
神奈川大学,kanagawa-u.ac.jp,3
神奈川工科大学,kait.jp,3
神奈川歯科大学,kdu.ac.jp,3
鎌倉女子大学,kamakura-u.ac.jp,3
関東学院大学,univ.kanto-gakuin.ac.jp,3
相模女子大学,sagami-wu.ac.jp,3
松蔭大学,shoin-u.ac.jp,3
湘南医療大学,sums.ac.jp,3
湘南工科大学,shonan-it.ac.jp,3
情報セキュリティ大学院大学,iisec.ac.jp,3
昭和音楽大学,tosei-showa-music.ac.jp,3
星槎大学,seisa.ac.jp,3
聖マリアンナ医科大学,marianna-u.ac.jp,3
洗足学園音楽大学,senzoku.ac.jp,3
鶴見大学,tsurumi-u.ac.jp,3
田園調布学園大学,dcu.ac.jp,3
桐蔭横浜大学,cc.toin.ac.jp,3
東海大学,u-tokai.ac.jp,3
東洋英和女学院大学,toyoeiwa.ac.jp,3
日本映画大学,eiga.ac.jp,3
フェリス女学院大学,ferris.ac.jp,3
八洲学園大学,yashima.ac.jp,3
横浜商科大学,shodai.ac.jp,3
横浜創英大学,soei.ac.jp,3
横浜美術大学,yokohama-art.ac.jp,3
横浜薬科大学,hamayaku.jp,3
青山学院大学,aoyama.ac.jp,3
亜細亜大学,asia-u.ac.jp,3
跡見学園女子大学,atomi.ac.jp,3
上野学園大学,uenogakuen.ac.jp,3
映画専門大学院大学,toho-univ.ac.jp,3
桜美林大学,obirin.ac.jp,3
大妻女子大学,gakuin.otsuma.ac.jp,3
大原大学院大学,o-hara.ac.jp,3
嘉悦大学,kaetsu.ac.jp,3
学習院大学,gakushuin.ac.jp,3
学習院女子大学,gwc.gakushuin.ac.jp,3
北里大学,kitasato-u.ac.jp,3
共立女子大学,kyoritsu-wu.ac.jp,3
杏林大学,kyorin-u.ac.jp,3
国立音楽大学,kunitachi.ac.jp,3
グロービス経営大学院大学,mba.globis.ac.jp,3
慶應義塾大学,keio.ac.jp,3
恵泉女学園大学,keisen.ac.jp,3
工学院大学,kogakuin.ac.jp,3
國學院大學,kokugakuin.ac.jp,3
国際基督教大学,icu.ac.jp,3
国際仏教学大学院大学,icabs.ac.jp,3
国士舘大学,kokushikan.ac.jp,3
こども教育宝仙大学,hosen.ac.jp,3
駒澤大学,komazawa-u.ac.jp,3
駒沢女子大学,komajo.ac.jp,3
産業能率大学,sanno.ac.jp,3
事業構想大学院大学,mpd.ac.jp,3
実践女子大学,jissen.ac.jp,3
芝浦工業大学,shibaura-it.ac.jp,3
順天堂大学,juntendo.ac.jp,3
上智大学,sophia.ac.jp,3
昭和大学,showa-u.ac.jp,3
昭和女子大学,swu.ac.jp,3
昭和薬科大学,shoyaku.ac.jp,3
女子美術大学,joshibi.ac.jp,3
白梅学園大学,daigaku.shiraume.ac.jp,3
白百合女子大学,shirayuri.ac.jp,3
杉野服飾大学,sugino-fc.ac.jp,3
成蹊大学,seikei.ac.jp,3
成城大学,seijo.ac.jp,3
創価大学,soka.ac.jp,3
聖心女子大学,u-sacred-heart.ac.jp,3
清泉女子大学,seisen-u.ac.jp,3
聖路加国際大学,slcn.ac.jp,3
大正大学,tais.ac.jp,3
大東文化大学,daito.ac.jp,3
高千穂大学,takachiho.jp,3
専修大学,senshu-u.ac.jp,3
拓殖大学,takushoku-u.ac.jp,3
多摩大学,tama.ac.jp,3
玉川大学,tamagawa.jp,3
多摩美術大学,tamabi.ac.jp,3
中央大学,chuo-u.ac.jp,3
津田塾大学,tsuda.ac.jp,3
帝京大学,teikyo-u.ac.jp,3
帝京科学大学,ntu.ac.jp,3
帝京平成大学,thu.ac.jp,3
デジタルハリウッド大学,dhw.ac.jp,3
東京有明医療大学,tau.ac.jp,3
東京医科大学,tokyo-med.ac.jp,3
東京医療学院大学,u-ths.ac.jp,3
東京医療保健大学,thcu.ac.jp,3
東京音楽大学,tokyo-ondai.ac.jp,3
東京家政大学,tokyo-kasei.ac.jp,3
東京家政学院大学,kasei-gakuin.ac.jp,3
東京経済大学,tku.ac.jp,3
東京工科大学,teu.ac.jp,3
東京工芸大学,t-kougei.ac.jp,3
東京歯科大学,tdc.ac.jp,3
東京慈恵会医科大学,jikei.ac.jp,3
東京純心大学,t-junshin.ac.jp,3
東京女学館大学,tjk.jp,3
東京女子大学,office.twcu.ac.jp,3
東京女子医科大学,twmu.ac.jp,3
東京女子体育大学,twcpe.ac.jp,3
東京神学大学,tuts.ac.jp,3
東京聖栄大学,tsc-05.ac.jp,3
東京成徳大学,tsu.ac.jp,3
東京造形大学,zokei.ac.jp,3
東京電機大学,atom.dendai.ac.jp,3
東京都市大学,tcu.ac.jp,3
東京農業大学,nodai.ac.jp,3
東京富士大学,fuji.ac.jp,3
東京未来大学,tokyomirai.ac.jp,3
東京薬科大学,toyaku.ac.jp,3
東京理科大学,tus.ac.jp,3
東邦大学,toho-u.ac.jp,3
桐朋学園大学,tohomusic.ac.jp,3
東洋大学,toyo.ac.jp,3
東洋学園大学,tyg.jp,3
二松學舍大学,nishogakusha-u.ac.jp,3
日本大学,nihon-u.ac.jp,3
日本医科大学,college.nms.ac.jp,3
日本教育大学院大学,kyoiku-u.jp,3
日本歯科大学,ndu.ac.jp,3
日本社会事業大学,jcsw.ac.jp,3
日本獣医生命科学大学,nvlu.ac.jp,3
日本女子大学,jwu.ac.jp,3
日本女子体育大学,jwcpe.ac.jp,3
日本赤十字看護大学,redcross.ac.jp,3
日本体育大学,nittai.ac.jp,3
日本文化大学,nihonbunka-u.ac.jp,3
ハリウッド大学院大学,hollywood.ac.jp,3
ビジネス・ブレークスルー大学,bbt.ac,3
文化学園大学,bwu.bunka.ac.jp,3
文化ファッション大学院大学,bfgu-bunka.ac.jp,3
文京学院大学,u-bunkyo.ac.jp,3
法政大学,hosei.ac.jp,3
星薬科大学,hoshi.ac.jp,3
武蔵大学,musashi.ac.jp,3
武蔵野大学,musashino-u.ac.jp,3
武蔵野音楽大学,musashino-music.ac.jp,3
武蔵野美術大学,musabi.ac.jp,3
明治大学,meiji.ac.jp,3
明治学院大学,meijigakuin.ac.jp,3
明治薬科大学,my-pharm.ac.jp,3
明星大学,meisei-u.ac.jp,3
目白大学,mejiro.ac.jp,3
ヤマザキ学園大学,univ.yamazaki.ac.jp,3
立教大学,rikkyo.ac.jp,3
立正大学,ris.ac.jp,3
ルーテル学院大学,luther.ac.jp,3
LEC東京リーガルマインド大学院大学,lec.ac.jp,3
和光大学,wako.ac.jp,3
早稲田大学,waseda.jp,3
敬和学園大学,keiwa-c.ac.jp,4
国際大学,iuj.ac.jp,4
事業創造大学院大学,jigyo.ac.jp,4
長岡大学,nagaokauniv.ac.jp,4
長岡造形大学,nagaoka-id.ac.jp,4
新潟医療福祉大学,nuhw.ac.jp,4
新潟経営大学,niigataum.ac.jp,4
新潟工科大学,niit.ac.jp,4
新潟国際情報大学,nuis.ac.jp,4
新潟産業大学,nsu.ac.jp,4
新潟青陵大学,n-seiryo.ac.jp,4
新潟薬科大学,nupals.ac.jp,4
新潟リハビリテーション大学,nur.ac.jp,4
健康科学大学,kenkoudai.ac.jp,4
身延山大学,min.jp,4
山梨英和大学,yamanashi-eiwa.ac.jp,4
山梨学院大学,ygu.ac.jp,4
佐久大学,saku.ac.jp,4
諏訪東京理科大学,suwa.tus.ac.jp,4
清泉女学院大学,seisen-jc.jp,4
長野大学,nagano.ac.jp,4
長野保健医療大学,shitoku.ac.jp,4
松本大学,matsumoto-u.ac.jp,4
松本歯科大学,mdu.ac.jp,4
高岡法科大学,takaoka.ac.jp,4
桐朋学園大学院大学,tohomusic.ac.jp,4
富山国際大学,tuins.ac.jp,4
金沢医科大学,kanazawa-med.ac.jp,4
金沢学院大学,kanazawa-gu.ac.jp,4
金沢工業大学,kanazawa-it.ac.jp,4
金沢星稜大学,seiryo-u.ac.jp,4
金城大学,kinjo.ac.jp,4
北陸大学,hokuriku-u.ac.jp,4
北陸学院大学,hokurikugakuin.ac.jp,4
仁愛大学,jindai.ac.jp,4
福井工業大学,fukui-ut.ac.jp,4
朝日大学,asahi-u.ac.jp,4
岐阜医療科学大学,u-gifu-ms.ac.jp,4
岐阜経済大学,gifu-keizai.ac.jp,4
岐阜女子大学,gijodai.jp,4
岐阜聖徳学園大学,shotoku.ac.jp,4
中京学院大学,chukyogakuin-u.ac.jp,4
中部学院大学,chubu-gu.ac.jp,4
東海学院大学,tokaigakuin-u.ac.jp,4
静岡英和学院大学,shizuoka-eiwa.ac.jp,4
静岡産業大学,ssu.ac.jp,4
静岡福祉大学,suw.ac.jp,4
静岡理工科大学,sist.ac.jp,4
聖隷クリストファー大学,seirei.ac.jp,4
常葉大学,tokoha-u.ac.jp,4
浜松学院大学,hgu.ac.jp,4
光産業創成大学院大学,gpi.ac.jp,4
愛知大学,aichi-u.ac.jp,4
愛知医科大学,aichi-med-u.ac.jp,4
愛知学院大学,agu.ac.jp,4
愛知学泉大学,gakusen.ac.jp,4
愛知工科大学,aut.ac.jp,4
愛知工業大学,ait.ac.jp,4
愛知産業大学,asu-g.net,4
愛知淑徳大学,aasa.ac.jp,4
愛知東邦大学,aichi-toho.ac.jp,4
愛知文教大学,abu.ac.jp,4
愛知みずほ大学,mizuho-c.ac.jp,4
桜花学園大学,ohkagakuen-u.ac.jp,4
岡崎女子大学,okazaki.ac.jp,4
金城学院大学,kinjo-u.ac.jp,4
至学館大学,sgk.ac.jp,4
修文大学,shubun.ac.jp,4
椙山女学園大学,sugiyama-u.ac.jp,4
星城大学,seijoh-u.ac.jp,4
大同大学,daido-it.ac.jp,4
中京大学,chukyo-u.ac.jp,4
中部大学,chubu.ac.jp,4
東海学園大学,tokaigakuen-u.ac.jp,4
同朋大学,doho.ac.jp,4
豊田工業大学,toyota-ti.ac.jp,4
豊橋創造大学,sozo.ac.jp,4
名古屋音楽大学,meion.ac.jp,4
名古屋外国語大学,nufs.ac.jp,4
名古屋学院大学,ngu.jp,4
名古屋学芸大学,nuas.ac.jp,4
名古屋経済大学,nagoya-ku.ac.jp,4
名古屋芸術大学,nua.ac.jp,4
名古屋産業大学,nagoya-su.ac.jp,4
名古屋商科大学,nucba.ac.jp,4
名古屋女子大学,nagoya-wu.ac.jp,4
名古屋造形大学,nzu.ac.jp,4
名古屋文理大学,nagoya-bunri.ac.jp,4
南山大学,nanzan-u.ac.jp,4
日本赤十字豊田看護大学,rctoyota.ac.jp,4
日本福祉大学,n-fukushi.ac.jp,4
人間環境大学,uhe.ac.jp,4
藤田保健衛生大学,fujita-hu.ac.jp,4
名城大学,meijo-u.ac.jp,4
皇學館大学,kogakkan-u.ac.jp,5
鈴鹿医療科学大学,suzuka-u.ac.jp,5
鈴鹿大学,suzuka-iu.ac.jp,5
三重中京大学,mie-chukyo-u.ac.jp,5
四日市大学,yokkaichi-u.ac.jp,5
四日市看護医療大学,y-nm.ac.jp,5
成安造形大学,seian.ac.jp,5
聖泉大学,seisen.ac.jp,5
長浜バイオ大学,nagahama-i-bio.ac.jp,5
びわこ学院大学,newton.ac.jp,5
びわこ成蹊スポーツ大学,biwako-seikei.jp,5
大谷大学,otani.ac.jp,5
京都医療科学大学,kyoto-msc.jp,5
京都外国語大学,kufs.ac.jp,5
京都学園大学,kyotogakuen.ac.jp,5
京都華頂大学,kyotokacho-u.ac.jp,5
京都看護大学,kyotokango.ac.jp,5
京都光華女子大学,koka.ac.jp,5
京都嵯峨芸術大学,kyoto-saga.ac.jp,5
京都産業大学,kyoto-su.ac.jp,5
京都情報大学院大学,kcg.edu,5
京都女子大学,kyoto-wu.ac.jp,5
京都精華大学,kyoto-seika.ac.jp,5
京都造形芸術大学,kyoto-art.ac.jp,5
京都橘大学,tachibana-u.ac.jp,5
京都ノートルダム女子大学,notredame.ac.jp,5
京都美術工芸大学,kyobi.ac.jp,5
京都文教大学,kbu.ac.jp,5
京都薬科大学,kyoto-phu.ac.jp,5
種智院大学,shuchiin.ac.jp,5
成美大学,uv.seibi-gakuen.ac.jp,5
同志社大学,doshisha.ac.jp,5
同志社女子大学,dwc.doshisha.ac.jp,5
花園大学,hanazono.ac.jp,5
佛教大学,bukkyo-u.ac.jp,5
平安女学院大学,heian.ac.jp,5
明治国際医療大学,meiji-u.ac.jp,5
立命館大学,ritsumei.jp,5
龍谷大学,ryukoku.ac.jp,5
藍野大学,univ.aino.ac.jp,5
追手門学院大学,otemon.ac.jp,5
大阪青山大学,osaka-aoyama.ac.jp,5
大阪医科大学,osaka-med.ac.jp,5
大阪大谷大学,osaka-ohtani.ac.jp,5
大阪音楽大学,daion.ac.jp,5
大阪学院大学,osaka-gu.ac.jp,5
大阪河崎リハビリテーション大学,kawasakigakuen.ac.jp,5
大阪観光大学,tourism.ac.jp,5
大阪経済大学,osaka-ue.ac.jp,5
大阪経済法科大学,keiho-u.ac.jp,5
大阪芸術大学,osaka-geidai.ac.jp,5
大阪工業大学,oit.ac.jp,5
大阪国際大学,oiu.ac.jp,5
大阪産業大学,osaka-sandai.ac.jp,5
大阪歯科大学,osaka-dent.ac.jp,5
大阪樟蔭女子大学,osaka-shoin.ac.jp,5
大阪商業大学,ouc.daishodai.ac.jp,5
大阪女学院大学,wilmina.ac.jp,5
大阪成蹊大学,univ.osaka-seikei.jp,5
大阪総合保育大学,jonan.jp,5
大阪体育大学,ouhs.ac.jp,5
大阪電気通信大学,osakac.ac.jp,5
大阪人間科学大学,ohs.ac.jp,5
大阪物療大学,butsuryo.ac.jp,5
大阪保健医療大学,ohsu.ac.jp,5
大阪薬科大学,oups.ac.jp,5
大阪行岡医療大学,yukioka-u.ac.jp,5
関西大学,kansai-u.ac.jp,5
関西医科大学,kmu.ac.jp,5
関西医療大学,kansai.ac.jp,5
関西外国語大学,kansaigaidai.ac.jp,5
関西福祉科学大学,fuksi-kagk-u.ac.jp,5
近畿大学,kindai.ac.jp,5
滋慶医療科学大学院大学,ghsj.ac.jp,5
四條畷学園大学,shijonawate-gakuen.ac.jp,5
四天王寺大学,shitennoji.ac.jp,5
摂南大学,setsunan.ac.jp,5
千里金蘭大学,kinran.ac.jp,5
相愛大学,soai.ac.jp,5
太成学院大学,tgu.ac.jp,5
帝塚山学院大学,tezuka-gu.ac.jp,5
常磐会学園大学,sftokiwakai.ac.jp,5
梅花女子大学,baika.ac.jp,5
羽衣国際大学,hagoromo.ac.jp,5
阪南大学,hannan-u.ac.jp,5
東大阪大学,higashiosaka.ac.jp,5
プール学院大学,poole.ac.jp,5
桃山学院大学,andrew.ac.jp,5
森ノ宮医療大学,morinomiya-u.ac.jp,5
大和大学,yamato-u.ac.jp,5
芦屋大学,ashiya-u.ac.jp,5
大手前大学,otemae.ac.jp,5
関西看護医療大学,kki.ac.jp,5
関西国際大学,kuins.ac.jp,5
関西福祉大学,kusw.ac.jp,5
関西学院大学,kwansei.ac.jp,5
姫路大学,kindaihimeji-u.ac.jp,5
甲子園大学,koshien.ac.jp,5
甲南大学,konan-u.ac.jp,5
甲南女子大学,konan-wu.ac.jp,5
神戸医療福祉大学,kinwu.ac.jp,5
神戸海星女子学院大学,kaisei.ac.jp,5
神戸学院大学,kobegakuin.ac.jp,5
神戸芸術工科大学,kobe-du.ac.jp,5
神戸国際大学,kobe-kiu.ac.jp,5
神戸松蔭女子学院大学,shoin.ac.jp,5
神戸情報大学院大学,kic.ac.jp,5
神戸女学院大学,kobe-c.ac.jp,5
神戸女子大学,yg.kobe-wu.ac.jp,5
神戸親和女子大学,kobe-shinwa.ac.jp,5
神戸常盤大学,kobe-tokiwa.ac.jp,5
神戸薬科大学,kobepharma-u.ac.jp,5
神戸山手大学,kobe-yamate.ac.jp,5
聖トマス大学,st.thomas.ac.jp,5
園田学園女子大学,sonoda-u.ac.jp,5
宝塚大学,takara-univ.ac.jp,5
宝塚医療大学,tumh.ac.jp,5
姫路獨協大学,himeji-du.ac.jp,5
兵庫大学,hyogo-dai.ac.jp,5
兵庫医科大学,hyo-med.ac.jp,5
兵庫医療大学,huhs.ac.jp,5
武庫川女子大学,mukogawa-u.ac.jp,5
流通科学大学,umds.ac.jp,5
畿央大学,kio.ac.jp,5
帝塚山大学,tezukayama-u.ac.jp,5
天理医療大学,tenriyorozu-u.ac.jp,5
天理大学,tenri-u.ac.jp,5
奈良大学,nara-u.ac.jp,5
奈良学園大学,naragakuen-u.jp,5
高野山大学,koyasan-u.ac.jp,5
鳥取看護大学,tcn.ac.jp,6
岡山学院大学,owc.ac.jp,6
岡山商科大学,osu.ac.jp,6
岡山理科大学,ous.ac.jp,6
川崎医科大学,kawasaki-m.ac.jp,6
川崎医療福祉大学,kawasaki-m.ac.jp,6
環太平洋大学,ipu-japan.ac.jp,6
吉備国際大学,kiui.jp,6
倉敷芸術科学大学,kusa.ac.jp,6
くらしき作陽大学,ksu.ac.jp,6
山陽学園大学,sguc.ac.jp,6
就実大学,shujitsu.ac.jp,6
中国学園大学,cjc.ac.jp,6
ノートルダム清心女子大学,ndsu.ac.jp,6
美作大学,mimasaka.ac.jp,6
エリザベト音楽大学,eum.ac.jp,6
日本赤十字広島看護大学,jrchcn.ac.jp,6
比治山大学,hijiyama-u.ac.jp,6
広島経済大学,hue.jp,6
広島工業大学,it-hiroshima.ac.jp,6
広島国際大学,hirokoku-u.ac.jp,6
広島国際学院大学,hkg.ac.jp,6
広島修道大学,shudo-u.ac.jp,6
広島女学院大学,hju.ac.jp,6
広島都市学園大学,hcu.ac.jp,6
広島文化学園大学,hbg.ac.jp,6
広島文教女子大学,h-bunkyo.ac.jp,6
福山大学,fukuyama-u.ac.jp,6
福山平成大学,heisei-u.ac.jp,6
安田女子大学,yasuda-u.ac.jp,6
宇部フロンティア大学,frontier-u.jp,6
至誠館大学,shiseikan.ac.jp,6
東亜大学,toua-u.ac.jp,6
徳山大学,tokuyama-u.ac.jp,6
梅光学院大学,baiko.ac.jp,6
山口学芸大学,y-gakugei.ac.jp,6
四国大学,shikoku-u.ac.jp,7
徳島文理大学,bunri-u.ac.jp,7
四国学院大学,sg-u.ac.jp,7
高松大学,takamatsu-u.ac.jp,7
聖カタリナ大学,scu-exam.com,7
松山大学,matsuyama-u.ac.jp,7
松山東雲女子大学,shinonome.ac.jp,7
九州栄養福祉大学,knwu.ac.jp,8
九州共立大学,kyukyo-u.ac.jp,8
九州国際大学,kiu.ac.jp,8
九州産業大学,kyusan-u.ac.jp,8
九州情報大学,kiis.ac.jp,8
九州女子大学,kwuc.ac.jp,8
久留米大学,kurume-u.ac.jp,8
久留米工業大学,kurume-it.ac.jp,8
サイバー大学,cyber-u.ac.jp,8
産業医科大学,uoeh-u.ac.jp,8
純真学園大学,junshin-u.ac.jp,8
西南学院大学,seinan-gu.ac.jp,8
西南女学院大学,seinan-jo.ac.jp,8
聖マリア学院大学,st-mary.ac.jp,8
第一薬科大学,daiichi-cps.ac.jp,8
筑紫女学園大学,chikushi-u.ac.jp,8
中村学園大学,nakamura-u.ac.jp,8
西日本工業大学,www3.nishitech.ac.jp,8
日本経済大学,jue.ac.jp,8
日本赤十字九州国際看護大学,jrckicn.ac.jp,8
福岡大学,fukuoka-u.ac.jp,8
福岡医療福祉大学,dfu.ac.jp,8
福岡工業大学,fit.ac.jp,8
福岡国際大学,fukuoka-int-u.ac.jp,8
福岡歯科大学,fdcnet.ac.jp,8
福岡女学院大学,fukujo.ac.jp,8
福岡女学院看護大学,www2.fukujo.ac.jp,8
保健医療経営大学,healthcare-m.ac.jp,8
西九州大学,nisikyu-u.ac.jp,8
活水女子大学,kwassui.ac.jp,8
長崎ウエスレヤン大学,wesleyan.ac.jp,8
長崎外国語大学,nagasaki-gaigo.ac.jp,8
長崎国際大学,niu.ac.jp,8
長崎純心大学,n-junshin.ac.jp,8
長崎総合科学大学,nias.ac.jp,8
九州看護福祉大学,kyushu-ns.ac.jp,8
九州ルーテル学院大学,klc.ac.jp,8
熊本学園大学,kumagaku.ac.jp,8
熊本保健科学大学,kumamoto-hsu.ac.jp,8
尚絅大学,shokei-gakuen.ac.jp,8
崇城大学,sojo-u.ac.jp,8
平成音楽大学,heisei-music.ac.jp,8
日本文理大学,nbu.ac.jp,8
別府大学,beppu-u.ac.jp,8
立命館アジア太平洋大学,apu.ac.jp,8
九州保健福祉大学,phoenix.ac.jp,8
南九州大学,nankyudai.ac.jp,8
宮崎国際大学,mic.ac.jp,8
宮崎産業経営大学,miyasankei-u.ac.jp,8
鹿児島国際大学,iuk.ac.jp,8
鹿児島純心女子大学,k-junshin.ac.jp,8
志學館大学,shigakukan.ac.jp,8
第一工業大学,daiichi-koudai.ac.jp,8
沖縄大学,okinawa-u.ac.jp,8
沖縄科学技術大学院大学,oist.jp,8
沖縄キリスト教学院大学,ocjc.ac.jp,8
沖縄国際大学,okiu.ac.jp,8
名寄市立大学短期大学部,nayoro.ac.jp,1
岩手県立大学宮古短期大学部,www-myk.iwate-pu.ac.jp,2
岩手県立大学盛岡短期大学部,www-mori.iwate-pu.ac.jp,2
山形県立米沢女子短期大学,yone.ac.jp,2
会津大学短期大学部,jc.u-aizu.ac.jp,2
川崎市立看護短期大学,kawasaki-nursing-c.ac.jp,3
大月短期大学,ohtsuki.ac.jp,4
長野県短期大学,nagano-kentan.ac.jp,4
岐阜市立女子短期大学,gifu-cwc.ac.jp,4
静岡県立大学短期大学部,oshika.u-shizuoka-ken.ac.jp,4
三重短期大学,tsu-cc.ac.jp,5
島根県立大学短期大学部,u-shimane.ac.jp,6
倉敷市立短期大学,kurashiki-cu.ac.jp,6
新見公立短期大学,niimi-c.ac.jp,6
高知短期大学,u-kochi.ac.jp,7
大分県立芸術文化短期大学,oita-pjc.ac.jp,8
鹿児島県立短期大学,k-kentan.ac.jp,8
旭川大学短期大学部,asahikawa-u.ac.jp,1
帯広大谷短期大学,oojc.ac.jp,1
釧路短期大学,midorigaoka.ac.jp,1
光塩学園女子短期大学,koen.ac.jp,1
國學院大學北海道短期大学部,kokugakuin-jc.ac.jp,1
札幌大谷大学短期大学部,sapporo-otani.ac.jp,1
札幌国際大学短期大学部,siu.ac.jp,1
札幌大学女子短期大学部,sapporo-u.ac.jp,1
拓殖大学北海道短期大学,takushoku-hc.ac.jp,1
函館大谷短期大学,hakodate-otani.ac.jp,1
函館短期大学,hakodate-jc.ac.jp,1
北翔大学短期大学部,hokusho-u.ac.jp,1
北星学園大学短期大学部,hokusei.ac.jp,1
北海道科学大学短期大学部,haec.ac.jp,1
北海道武蔵女子短期大学,musashi-jc.ac.jp,1
青森明の星短期大学,aomori-akenohoshi.ac.jp,2
青森中央短期大学,chutan.ac.jp,2
東北女子短期大学,toutan.ac.jp,2
八戸学院短期大学,jc.hachinohe-u.ac.jp,2
弘前医療福祉大学短期大学部,hirosakiuhw.jp,2
岩手看護短期大学,iwate-nurse.ac.jp,2
修紅短期大学,shuko.ac.jp,2
盛岡大学短期大学部,morioka-u.ac.jp,2
聖和学園短期大学,seiwa.ac.jp,2
仙台青葉学院短期大学,seiyogakuin.ac.jp,2
東北生活文化大学短期大学部,mishima.ac.jp,2
宮城誠真短期大学,miyagi-seishin.ac.jp,2
秋田栄養短期大学,akita-eiyo.ac.jp,2
聖霊女子短期大学,seirei-wjc.ac.jp,2
日本赤十字秋田短期大学,rcakita.ac.jp,2
聖園学園短期大学,misono-jc.ac.jp,2
羽陽学園短期大学,uyo.ac.jp,2
東北文教大学短期大学部,t-bunkyo.jp,2
いわき短期大学,shk.ac.jp,2
郡山女子大学短期大学部,koriyama-kgc.ac.jp,2
桜の聖母短期大学,sakuranoseibo.jp,2
福島学院大学短期大学部,fukushima-college.ac.jp,2
茨城女子短期大学,taisei.ac.jp,3
つくば国際短期大学,ktt.ac.jp,3
常磐短期大学,tokiwa.ac.jp,3
足利短期大学,ashikaga.ac.jp,3
宇都宮短期大学,ujc.ac.jp,3
宇都宮文星短期大学,bunsei.ac.jp,3
國學院大學栃木短期大学,kokugakuintochigi.ac.jp,3
作新学院大学女子短期大学部,sakushin-u.ac.jp,3
佐野短期大学,sanotan.jp,3
育英短期大学,ikuei-g.ac.jp,3
関東短期大学,kanto-gakuen.ac.jp,3
桐生大学短期大学部,kiryu-u.ac.jp,3
群馬医療福祉大学短期大学部,shoken-gakuen.ac.jp,3
高崎商科大学短期大学部,tuc.ac.jp,3
東京福祉大学短期大学部,tokyo-fukushi.ac.jp,3
新島学園短期大学,ns.niitan.jp,3
明和学園短期大学,hirakatagakuen.ac.jp,3
秋草学園短期大学,akikusa.ac.jp,3
浦和大学短期大学部,urawa.ac.jp,3
川口短期大学,kawaguchi.ac.jp,3
国際学院埼玉短期大学,kgef.ac.jp,3
埼玉医科大学短期大学,saitama-med.ac.jp,3
埼玉純真短期大学,sai-junshin.ac.jp,3
埼玉女子短期大学,saijo.ac.jp,3
埼玉東萌短期大学,saitamatoho.jp,3
城西短期大学,tandai.josai.ac.jp,3
武蔵丘短期大学,musashigaoka.ac.jp,3
武蔵野短期大学,musa.ac.jp,3
山村学園短期大学,yamamura-tandai.ac.jp,3
植草学園短期大学,uekusa.ac.jp,3
昭和学院短期大学,showagakuin.ac.jp,3
聖徳大学短期大学部,seitoku.jp,3
清和大学短期大学部,seiwa-jc.ac.jp,3
千葉敬愛短期大学,chibakeiai.ac.jp,3
千葉経済大学短期大学部,chiba-kc.ac.jp,3
千葉明徳短期大学,chibameitoku.ac.jp,3
東京経営短期大学,tmc-ipd.ac.jp,3
愛国学園短期大学,aikoku-jc.ac.jp,3
青山学院女子短期大学,luce.aoyama.ac.jp,3
亜細亜大学短期大学部,asia-u.ac.jp,3
有明教育芸術短期大学,ariake.ac.jp,3
上野学園大学短期大学部,uenogakuen.ac.jp,3
大妻女子大学短期大学部,otsuma.ac.jp,3
共立女子短期大学,kyoritsu-wu.ac.jp,3
国際短期大学,kokutan.net,3
駒沢女子短期大学,komajo.ac.jp,3
実践女子大学短期大学部,jissen.ac.jp,3
自由が丘産能短期大学,sanno.ac.jp,3
淑徳大学短期大学部,jc.shukutoku.ac.jp,3
女子栄養大学短期大学部,eiyo.ac.jp,3
女子美術大学短期大学部,joshibi.ac.jp,3
白梅学園短期大学,daigaku.shiraume.ac.jp,3
杉野服飾大学短期大学部,sugino.ac.jp,3
星美学園短期大学,seibi.ac.jp,3
創価女子短期大学,soka.ac.jp,3
鶴川女子短期大学,tsurukawatandai.ac.jp,3
帝京大学短期大学,teikyo-u.ac.jp,3
帝京短期大学,teikyo-jc.ac.jp,3
貞静学園短期大学,teisei.ac.jp,3
戸板女子短期大学,toita.ac.jp,3
東京家政大学短期大学部,tokyo-kasei.ac.jp,3
東京交通短期大学,hosho.ac.jp,3
東京女子体育短期大学,twcpe.ac.jp,3
東京成徳短期大学,tsc.ac.jp,3
東京農業大学短期大学部,nodai.ac.jp,3
東京立正短期大学,tokyorissho.ac.jp,3
東邦音楽短期大学,toho-music.ac.jp,3
桐朋学園芸術短期大学,toho.ac.jp,3
新渡戸文化短期大学,nitobebunka.jp,3
日本歯科大学東京短期大学,tandai.ndu.ac.jp,3
日本大学短期大学部,nihon-u.ac.jp,3
文化学園大学短期大学部,bwu.bunka.ac.jp,3
目白大学短期大学部,mejiro.ac.jp,3
山野美容芸術短期大学,yamano.ac.jp,3
立教女学院短期大学,jc.rikkyojogakuin.ac.jp,3
和泉短期大学,izumi-c.ac.jp,3
小田原短期大学,odawara.ac.jp,3
神奈川歯科大学短期大学部,kdu.ac.jp,3
鎌倉女子大学短期大学部,kamakura-u.ac.jp,3
相模女子大学短期大学部,sagami-wu.ac.jp,3
上智大学短期大学部,jrc.sophia.ac.jp,3
湘北短期大学,shohoku.ac.jp,3
昭和音楽大学短期大学部,tosei-showa-music.ac.jp,3
聖セシリア女子短期大学,cecilia-wjc.ac.jp,3
洗足こども短期大学,senzoku.ac.jp,3
鶴見大学短期大学部,tsurumi-u.ac.jp,3
東海大学医療技術短期大学,nmt.u-tokai.ac.jp,3
横浜女子短期大学,yokotan.ac.jp,3
新潟工業短期大学,niigata-ct.ac.jp,4
新潟青陵大学短期大学部,n-seiryo.ac.jp,4
新潟中央短期大学,niigatachuoh-jc.ac.jp,4
日本歯科大学新潟短期大学,www2.ndu.ac.jp,4
明倫短期大学,meirin-c.ac.jp,4
帝京学園短期大学,teikyo-gjc.ac.jp,4
山梨学院短期大学,ygjc.ac.jp,4
飯田女子短期大学,iidawjc.ac.jp,4
上田女子短期大学,uedawjc.ac.jp,4
佐久大学信州短期大学部,saku.ac.jp,4
信州豊南短期大学,honan.ac.jp,4
清泉女学院短期大学,seisen-jc.ac.jp,4
長野女子短期大学,nagajo-junior-college.ac.jp,4
松本大学松商短期大学部,matsu.ac.jp,4
松本短期大学,matsutan.jp,4
富山短期大学,toyama-c.ac.jp,4
富山福祉短期大学,t-fukushi.urayama.ac.jp,4
金沢学院短期大学,kg.kanazawa-gu.ac.jp,4
金沢星稜大学女子短期大学部,seiryo.ac.jp,4
金城大学短期大学部,kinjo.ac.jp,4
小松短期大学,komatsu-c.ac.jp,4
北陸学院大学短期大学部,hokurikugakuin.ac.jp,4
仁愛女子短期大学,jin-ai.ac.jp,4
福井医療短期大学,f-gh.jp,4
大垣女子短期大学,ogaki-tandai.ac.jp,4
岐阜聖徳学園大学短期大学部,shotoku.ac.jp,4
岐阜保健短期大学,toyota.ac.jp,4
正眼短期大学,shogen.ac.jp,4
高山自動車短期大学,takayamacollege.ac.jp,4
中京学院大学中京短期大学部,chukyogakuin-u.ac.jp,4
中部学院大学短期大学部,chubu-gu.ac.jp,4
東海学院大学短期大学部,college.tokaigakuin-u.ac.jp,4
中日本自動車短期大学,nakanihon.ac.jp,4
平成医療短期大学,heisei-iryou.ac.jp,4
静岡英和学院大学短期大学部,shizuoka-eiwa.ac.jp,4
東海大学短期大学部,sjc.u-tokai.ac.jp,4
常葉大学短期大学部,tokoha-jc.ac.jp,4
浜松学院大学短期大学部,hgu.ac.jp,4
愛知医療学院短期大学,yuai.ac.jp,4
愛知学院大学短期大学部,agu.ac.jp,4
愛知学泉短期大学,gakusen.ac.jp,4
愛知きわみ看護短期大学,ns.aichi-kiwami.ac.jp,4
愛知工科大学自動車短期大学,aut.ac.jp,4
愛知江南短期大学,konan.ac.jp,4
愛知産業大学短期大学,asu-tsukyo.sua.jp,4
愛知大学短期大学部,jcweb.aichi-u.ac.jp,4
愛知文教女子短期大学,ai-bunkyo.ac.jp,4
愛知みずほ大学短期大学部,mizuho-c.ac.jp,4
岡崎女子短期大学,okazaki-c.ac.jp,4
至学館大学短期大学部,sgk.ac.jp,4
修文大学短期大学部,shubun.ac.jp,4
豊橋創造大学短期大学部,sozo.ac.jp,4
名古屋学芸大学短期大学部,nuas-jc.ac.jp,4
名古屋経営短期大学,jc.nagoya-su.ac.jp,4
名古屋経済大学短期大学部,nagoya-ku.ac.jp,4
名古屋女子大学短期大学部,nagoya-wu.ac.jp,4
名古屋短期大学,nagoyacollege.ac.jp,4
名古屋文化短期大学,nfcc-nagoya.com,4
名古屋文理大学短期大学部,nagoya-bunri.ac.jp,4
名古屋柳城短期大学,ryujo.ac.jp,4
南山大学短期大学部,ic.nanzan-u.ac.jp,4
鈴鹿大学短期大学部,suzuka-jc.ac.jp,5
高田短期大学,takada-jc.ac.jp,5
滋賀短期大学,sumire.ac.jp,5
滋賀文教短期大学,s-bunkyo.ac.jp,5
びわこ学院大学短期大学部,newton.ac.jp,5
池坊短期大学,ikenobo-c.ac.jp,5
大谷大学短期大学部,otani.ac.jp,5
華頂短期大学,kacho-college.ac.jp,5
京都外国語短期大学,kufs.ac.jp,5
京都経済短期大学,kyoto-econ.ac.jp,5
京都光華女子大学短期大学部,koka.ac.jp,5
京都嵯峨芸術大学短期大学部,kyoto-saga.ac.jp,5
京都西山短期大学,seizan.ac.jp,5
京都聖母女学院短期大学,seibo.ac.jp,5
京都文教短期大学,kbu.ac.jp,5
成美大学短期大学部,uv.seibi-gakuen.ac.jp,5
龍谷大学短期大学部,ryukoku.ac.jp,5
藍野大学短期大学部,aino.ac.jp,5
大阪青山大学短期大学部,www1.osaka-aoyama.ac.jp,5
大阪音楽大学短期大学部,daion.ac.jp,5
大阪学院大学短期大学部,osaka-gu.ac.jp,5
大阪キリスト教短期大学,occ.ac.jp,5
大阪芸術大学短期大学部,osaka-geidai.ac.jp,5
大阪健康福祉短期大学,kenko-fukushi.ac.jp,5
大阪国際大学短期大学部,oiu.ac.jp,5
大阪城南女子短期大学,jonan.ac.jp,5
大阪女学院短期大学,wilmina.ac.jp,5
大阪女子短期大学,owjc.jp,5
大阪信愛女学院短期大学,osaka-shinai.jp,5
大阪成蹊短期大学,tandai.osaka-seikei.jp,5
大阪千代田短期大学,chiyoda.ac.jp,5
大阪夕陽丘学園短期大学,oyg.ac.jp,5
関西外国語大学短期大学部,kansaigaidai.ac.jp,5
関西女子短期大学,kwc.ac.jp,5
近畿大学短期大学部,kindai.ac.jp,5
堺女子短期大学,sakai.ac.jp,5
四條畷学園短期大学,jc.shijonawate-gakuen.ac.jp,5
四天王寺大学短期大学部,shitennoji.ac.jp,5
常磐会短期大学,tokiwakai.ac.jp,5
東大阪大学短期大学部,higashiosaka.ac.jp,5
プール学院大学短期大学部,poole.ac.jp,5
平安女学院大学短期大学部,heian.ac.jp,5
芦屋学園短期大学,ashiya-c.ac.jp,5
大手前短期大学,otemae.ac.jp,5
近畿大学豊岡短期大学,koutoku.ac.jp,5
甲子園短期大学,koshien-c.ac.jp,5
神戸女子短期大学,kobe-wu.ac.jp,5
神戸常盤大学短期大学部,kobe-tokiwa.ac.jp,5
神戸山手短期大学,kobe-yamate.ac.jp,5
産業技術短期大学,sangitan.ac.jp,5
夙川学院短期大学,shukugawa-c.ac.jp,5
頌栄短期大学,glory-shoei.ac.jp,5
聖和短期大学,kwansei.ac.jp,5
園田学園女子大学短期大学部,sonoda-u.ac.jp,5
東洋食品工業短期大学,toshoku.ac.jp,5
姫路日ノ本短期大学,himeji-hc.ac.jp,5
兵庫大学短期大学部,hyogo-dai.ac.jp,5
湊川短期大学,minatogawa.ac.jp,5
武庫川女子大学短期大学部,mukogawa-u.ac.jp,5
奈良学園大学奈良文化女子短期大学部,narabunka.ac.jp,5
奈良芸術短期大学,naragei.ac.jp,5
奈良佐保短期大学,narasaho-c.ac.jp,5
白鳳短期大学,hakuho.ac.jp,5
和歌山信愛女子短期大学,shinai-u.ac.jp,5
鳥取短期大学,cygnus.ac.jp,6
岡山短期大学,owc.ac.jp,6
川崎医療短期大学,kawasaki-m.ac.jp,6
作陽音楽短期大学,sakuyo.hisc.co.jp,6
山陽学園短期大学,sguc.ac.jp,6
就実短期大学,shujitsu.ac.jp,6
中国短期大学,cjc.ac.jp,6
美作大学短期大学部,mimasaka.ac.jp,6
山陽女子短期大学,sanyo.ac.jp,6
鈴峯女子短期大学,suzugamine.ac.jp,6
比治山大学短期大学部,hijiyama-u.ac.jp,6
広島国際学院大学自動車短期大学部,hkg.ac.jp,6
広島文化学園短期大学,hbg.ac.jp,6
安田女子短期大学,yasuda-u.ac.jp,6
岩国短期大学,iwakuni.ac.jp,6
宇部フロンティア大学短期大学部,ube-c.ac.jp,6
下関短期大学,shimonoseki-jc.ac.jp,6
山口芸術短期大学,yamaguchi-jca.ac.jp,6
山口短期大学,yamaguchi-jc.ac.jp,6
四国大学短期大学部,shikoku-u.ac.jp,7
徳島工業短期大学,tokuco.ac.jp,7
徳島文理大学短期大学部,wwwt.bunri-u.ac.jp,7
香川短期大学,kjc.ac.jp,7
高松短期大学,takamatsu-u.ac.jp,7
今治明徳短期大学,meitan.ac.jp,7
環太平洋大学短期大学部,aitan.ac.jp,7
聖カタリナ大学短期大学部,catherine.ac.jp,7
松山東雲短期大学,shinonome.ac.jp,7
松山短期大学,matsuyama-u.ac.jp,7
高知学園短期大学,kochi-gc.ac.jp,7
折尾愛真短期大学,orioaishin.ac.jp,8
九州大谷短期大学,kyushuotani.ac.jp,8
九州女子短期大学,kwuc.ac.jp,8
九州造形短期大学,zac.kyusan-u.ac.jp,8
近畿大学九州短期大学,kjc.kindai.ac.jp,8
久留米信愛女学院短期大学,kurume-shinai.ac.jp,8
香蘭女子短期大学,koran.ac.jp,8
純真短期大学,junshin-c.ac.jp,8
精華女子短期大学,www2.seika.ac.jp,8
西南女学院大学短期大学部,seinan-jo.ac.jp,8
東海大学福岡短期大学,ftokai-u.ac.jp,8
中村学園大学短期大学部,nakamura-u.ac.jp,8
西日本短期大学,nishitan.ac.jp,8
東筑紫短期大学,hcc.ac.jp,8
福岡医療短期大学,fdcnet.ac.jp,8
福岡工業大学短期大学部,fjct.fit.ac.jp,8
福岡こども短期大学,fukuoka-kodomo.ac.jp,8
福岡女学院大学短期大学部,fukujo.ac.jp,8
福岡女子短期大学,fukuoka-wjc.ac.jp,8
九州龍谷短期大学,k-ryukoku.ac.jp,8
佐賀女子短期大学,asahigakuen.ac.jp,8
西九州大学短期大学部,nisikyu-u.ac.jp,8
長崎女子短期大学,nagasaki-joshi.ac.jp,8
長崎短期大学,njc.ac.jp,8
尚絅大学短期大学部,shokei-gakuen.ac.jp,8
中九州短期大学,nkjc.jp,8
大分短期大学,d-b.ne.jp,8
東九州短期大学,higashikyusyu.ac.jp,8
別府大学短期大学部,beppu-u.ac.jp,8
別府溝部学園短期大学,mizobe.ac.jp,8
南九州短期大学,mkjc.ac.jp,8
宮崎学園短期大学,mwjc.ac.jp,8
鹿児島純心女子短期大学,k-junshin.ac.jp,8
鹿児島女子短期大学,jkajyo.ac.jp,8
第一幼児教育短期大学,jc.tsuzuki-edu.ac.jp,8
沖縄キリスト教短期大学,ocjc.ac.jp,8
沖縄女子短期大学,owjc.ac.jp,8
